1.0,ACAPULCO,GUERRERO,SAN LUIS ACATLÁN,15.74,17.48,16.66,
,,,TECOANAPA,15.74,17.48,16.66,
,,,IGUALAPA,15.74,17.48,16.66,
,,,OMETEPEC,15.74,17.48,16.66,
,,,AZOYU,15.74,17.48,16.66,
,,,AYUTLA DE LOS LIBRES,15.74,17.48,16.66,
,,,TECPAN DE GALEANA,15.74,17.48,16.66,
,,,COPALA,15.74,17.48,16.66,
,,,FLORENCIO VILLARREAL,15.74,17.48,16.66,
,,,ATOYAC DE ALVAREZ,15.74,17.48,16.66,
,,,SAN MARCOS,15.74,17.48,16.66,
,,,JUAN R ESCUDERO,15.74,17.48,16.66,
,,,COYUCA DE BENITEZ,15.74,17.48,16.66,
,,,ACAPULCO DE JUAREZ,15.74,17.48,16.66,
2.0,AGUASCALIENTES,GUANAJUATO,OCAMPO,16.02,17.77,16.92,
,,ZACATECAS,APULCO,16.02,17.77,16.92,
,,JALISCO,TEOCALTICHE,16.02,17.77,16.92,
,,,ENCARNACION DE DIAZ,16.02,17.77,16.92,
,,AGUASCALIENTES,TEPEZALA,16.02,17.77,16.92,
,,,SAN JOSE DE GRACIA,16.02,17.77,16.92,
,,,PABELLON DE ARTEAGA,16.02,17.77,16.92,
,,,SAN FRANCISCO DE LOS ROMO,16.02,17.77,16.92,
,,,AGUASCALIENTES,16.02,17.77,16.92,
3.0,AÑIL,ESTADO DE MÉXICO,ATENCO,16.09,17.99,16.76,
,,,CHALCO,16.09,17.99,16.76,
,,,CHICOLOAPAN,16.09,17.99,16.76,
,,,IXTAPALUCA,16.09,17.99,16.76,
,,,CHIMALHUACAN,16.09,17.99,16.76,
,,,LA PAZ,16.09,17.99,16.76,
,,,NEZAHUALCOYOTL,16.09,17.99,16.76,
,,CIUDAD DE MÉXICO,CUAUHTEMOC,16.09,17.99,16.76,
,,,IZTACALCO,16.09,17.99,16.76,
,,,LA MAGDALENA CONTRERAS,16.09,17.99,16.76,
,,,COYOACAN,16.09,17.99,16.76,
,,,MILPA ALTA,16.09,17.99,16.76,
,,,VENUSTIANO CARRANZA,16.09,17.99,16.76,
4.0,AZCAPOTZALCO,ESTADO DE MÉXICO,MELCHOR OCAMPO,16.02,17.96,16.7,
,,,NICOLAS ROMERO,16.02,17.96,16.7,
,,,CUAUTITLAN,16.02,17.96,16.7,
,,,JILOTZINGO,16.02,17.96,16.7,
,,,CUAUTITLAN IZCALLI,16.02,17.96,16.7,
,,,TEPOTZOTLAN,16.02,17.96,16.7,
,,,ATIZAPAN DE ZARAGOZA,16.02,17.96,16.7,
,,,HUIXQUILUCAN,16.02,17.96,16.7,
,,,ATIZAPAN,16.02,17.96,16.7,
,,,NAUCALPAN DE JUAREZ,16.02,17.96,16.7,
,,,TLALNEPANTLA DE BAZ,16.02,17.96,16.7,
,,CIUDAD DE MÉXICO,AZCAPOTZALCO,16.02,17.96,16.7,
5.0,BARRANCA DEL MUERTO,CIUDAD DE MÉXICO,GUSTAVO A MADERO,16.1,18.01,16.76,
,,,MIGUEL HIDALGO,16.1,18.01,16.76,
,,,XOCHIMILCO,16.1,18.01,16.76,
,,,BENITO JUAREZ,16.1,18.01,16.76,
,,,CUAJIMALPA DE MORELOS,16.1,18.01,16.76,
,,,ALVARO OBREGON,16.1,18.01,16.76,
,,,TLALPAN,16.1,18.01,16.76,
,,,TLAHUAC,16.1,18.01,16.76,
6.0,CADEREYTA,NUEVO LEÓN,MINA,15.98,17.94,16.66,
,,,CHINA,15.98,17.94,16.66,
,,,CERRALVO,15.98,17.94,16.66,
,,,SANTIAGO,15.98,17.94,16.66,
,,,MONTEMORELOS,15.98,17.94,16.66,
,,,HIDALGO,15.98,17.94,16.66,
,,,ABASOLO,15.98,17.94,16.66,
,,,CIENEGA DE FLORES,15.98,17.94,16.66,
,,,MARIN,15.98,17.94,16.66,
,,,GENERAL ZUAZUA,15.98,17.94,16.66,
,,,ALLENDE,15.98,17.94,16.66,
,,,PESQUERIA,15.98,17.94,16.66,
,,,LOS RAMONES,15.98,17.94,16.66,
,,,CADEREYTA JIMENEZ,15.98,17.94,16.66,
7.0,CAMPECHE,CAMPECHE,CARMEN,15.51,17.27,16.42,
,,,ESCARCEGA,15.51,17.27,16.42,
,,,CALKINI,15.51,17.27,16.42,
,,,CHAMPOTON,15.51,17.27,16.42,
,,,TENABO,15.51,17.27,16.42,
,,,CAMPECHE,15.51,17.27,16.42,
8.0,CELAYA,GUANAJUATO,ACAMBARO,15.94,17.7,16.85,
,,,SAN MIGUEL DE ALLENDE,15.94,17.7,16.85,
,,,DOLORES HIDALGO CUNA DE LA INDEPENDENCIA NACIONAL,15.94,17.7,16.85,
,,,TARIMORO,15.94,17.7,16.85,
,,,SALVATIERRA,15.94,17.7,16.85,
,,,APASEO EL ALTO,15.94,17.7,16.85,
,,,JARAL DEL PROGRESO,15.94,17.7,16.85,
,,,SANTA CRUZ DE JUVENTINO ROSAS,15.94,17.7,16.85,
,,,JERECUARO,15.94,17.7,16.85,
,,,COMONFORT,15.94,17.7,16.85,
,,,APASEO EL GRANDE,15.94,17.7,16.85,
,,,VILLAGRAN,15.94,17.7,16.85,
,,,CELAYA,15.94,17.7,16.85,
,,,CORTAZAR,15.94,17.7,16.85,
9.0,CHIHUAHUA,CHIHUAHUA,AHUMADA,15.98,17.93,17.09,
,,,SAN FRANCISCO DE CONCHOS,15.98,17.93,17.09,
,,,GUERRERO,15.98,17.93,17.09,
,,,CARICHI,15.98,17.93,17.09,
,,,SAN FRANCISCO DE BORJA,15.98,17.93,17.09,
,,,COYAME DEL SOTOL,15.98,17.93,17.09,
,,,CAMARGO,15.98,17.93,17.09,
,,,CUSIHUIRIACHI,15.98,17.93,17.09,
,,,SATEVO,15.98,17.93,17.09,
,,,LA CRUZ,15.98,17.93,17.09,
,,,CUAUHTEMOC,15.98,17.93,17.09,
,,,SAUCILLO,15.98,17.93,17.09,
,,,DR BELISARIO DOMINGUEZ,15.98,17.93,17.09,
,,,ROSALES,15.98,17.93,17.09,
,,,DELICIAS,15.98,17.93,17.09,
,,,GRAN MORELOS,15.98,17.93,17.09,
,,,MEOQUI,15.98,17.93,17.09,
,,,JULIMES,15.98,17.93,17.09,
,,,SANTA BARBARA,15.98,17.93,17.09,
,,,ALDAMA,15.98,17.93,17.09,
,,,CHIHUAHUA,15.98,17.93,17.09,
,,,AQUILES SERDAN,15.98,17.93,17.09,
10.0,COLIMA,COLIMA,COLIMA,16.01,17.74,16.9,
,,,CUAUHTEMOC,16.01,17.74,16.9,
,,,COMALA,16.01,17.74,16.9,
,,,COQUIMATLAN,16.01,17.74,16.9,
,,,VILLA DE ALVAREZ,16.01,17.74,16.9,
11.0,CUAUTLA,PUEBLA,TEHUITZINGO,15.75,17.49,16.64,
,,,TECOMATLAN,15.75,17.49,16.64,
,,,IZUCAR DE MATAMOROS,15.75,17.49,16.64,
,,,CHIETLA,15.75,17.49,16.64,
,,,EPATLAN,15.75,17.49,16.64,
,,,TILAPA,15.75,17.49,16.64,
,,MORELOS,AXOCHIAPAN,15.75,17.49,16.64,
,,,TETELA DEL VOLCAN,15.75,17.49,16.64,
,,,TOTOLAPAN,15.75,17.49,16.64,
,,,TLAYACAPAN,15.75,17.49,16.64,
,,,TEPALCINGO,15.75,17.49,16.64,
,,,YECAPIXTLA,15.75,17.49,16.64,
,,,YAUTEPEC,15.75,17.49,16.64,
,,,AYALA,15.75,17.49,16.64,
,,,JANTETELCO,15.75,17.49,16.64,
,,,ATLATLAHUCAN,15.75,17.49,16.64,
,,,CUAUTLA,15.75,17.49,16.64,
,,,JONACATEPEC DE LEANDRO VALLE,15.75,17.49,16.64,
,,,TEMOAC,15.75,17.49,16.64,
,,ESTADO DE MÉXICO,TEPETLIXPA,15.75,17.49,16.64,
12.0,CUERNAVACA,MORELOS,AMACUZAC,15.78,17.54,16.7,
,,,MAZATEPEC,15.78,17.54,16.7,
,,,JOJUTLA,15.78,17.54,16.7,
,,,PUENTE DE IXTLA,15.78,17.54,16.7,
,,,TLALTIZAPAN DE ZAPATA,15.78,17.54,16.7,
,,,HUITZILAC,15.78,17.54,16.7,
,,,ZACATEPEC,15.78,17.54,16.7,
,,,MIACATLAN,15.78,17.54,16.7,
,,,TEPOZTLAN,15.78,17.54,16.7,
,,,XOCHITEPEC,15.78,17.54,16.7,
,,,CUERNAVACA,15.78,17.54,16.7,
,,,EMILIANO ZAPATA,15.78,17.54,16.7,
,,,TEMIXCO,15.78,17.54,16.7,
,,,JIUTEPEC,15.78,17.54,16.7,
13.0,CULIACAN,SINALOA,CULIACAN,16.09,17.85,17.04,
,,,NAVOLATO,16.09,17.85,17.04,
14.0,DURANGO,DURANGO,NUEVO IDEAL,16.12,17.87,16.97,
,,,SANTIAGO PAPASQUIARO,16.12,17.87,16.97,
,,,SAN JUAN DEL RIO,16.12,17.87,16.97,
,,,PUEBLO NUEVO,16.12,17.87,16.97,
,,,SUCHIL,16.12,17.87,16.97,
,,,MEZQUITAL,16.12,17.87,16.97,
,,,VICENTE GUERRERO,16.12,17.87,16.97,
,,,POANAS,16.12,17.87,16.97,
,,,GUADALUPE VICTORIA,16.12,17.87,16.97,
,,,NOMBRE DE DIOS,16.12,17.87,16.97,
,,,CANATLAN,16.12,17.87,16.97,
,,,PANUCO DE CORONADO,16.12,17.87,16.97,
,,,TOPIA,16.12,17.87,16.97,
,,,DURANGO,16.12,17.87,16.97,
15.0,EL CASTILLO,JALISCO,TUXCUECA,16.29,18.22,16.95,
,,,ACATIC,16.29,18.22,16.95,
,,,TEPATITLAN DE MORELOS,16.29,18.22,16.95,
,,,OCOTLAN,16.29,18.22,16.95,
,,,TOTOTLAN,16.29,18.22,16.95,
,,,ZAPOTLAN DEL REY,16.29,18.22,16.95,
,,,JOCOTEPEC,16.29,18.22,16.95,
,,,ZACOALCO DE TORRES,16.29,18.22,16.95,
,,,PONCITLAN,16.29,18.22,16.95,
,,,ZAPOTLANEJO,16.29,18.22,16.95,
,,,CHAPALA,16.29,18.22,16.95,
,,,ZAPOPAN,16.29,18.22,16.95,
,,,JUANACATLAN,16.29,18.22,16.95,
,,,IXTLAHUACAN DE LOS MEMBRILLOS,16.29,18.22,16.95,
,,,EL SALTO,16.29,18.22,16.95,
17.0,ESCAMELA,VERACRUZ DE IGNACIO DE LA LLAVE,CUITLAHUAC,15.47,17.23,16.39,
,,,ZONGOLICA,15.47,17.23,16.39,
,,,CHOCAMAN,15.47,17.23,16.39,
,,,ATOYAC,15.47,17.23,16.39,
,,,SOLEDAD ATZOMPA,15.47,17.23,16.39,
,,,YANGA,15.47,17.23,16.39,
,,,ACULTZINGO,15.47,17.23,16.39,
,,,COSCOMATEPEC,15.47,17.23,16.39,
,,,AMATLAN DE LOS REYES,15.47,17.23,16.39,
,,,TLILAPAN,15.47,17.23,16.39,
,,,CORDOBA,15.47,17.23,16.39,
,,,NOGALES,15.47,17.23,16.39,
,,,ORIZABA,15.47,17.23,16.39,
,,,CAMERINO Z MENDOZA,15.47,17.23,16.39,
,,,FORTIN,15.47,17.23,16.39,
,,,HUILOAPAN DE CUAUHTEMOC,15.47,17.23,16.39,
,,,IXHUATLANCILLO,15.47,17.23,16.39,
,,,IXTACZOQUITLAN,15.47,17.23,16.39,
,,,MARIANO ESCOBEDO,15.47,17.23,16.39,
,,,RAFAEL DELGADO,15.47,17.23,16.39,
,,,RIO BLANCO,15.47,17.23,16.39,
18.0,GOMEZ PALACIO,DURANGO,NAZAS,15.98,17.74,16.89,
,,,TLAHUALILO,15.98,17.74,16.89,
,,,LERDO,15.98,17.74,16.89,
,,,GOMEZ PALACIO,15.98,17.74,16.89,
,,COAHUILA DE ZARAGOZA,VIESCA,15.98,17.74,16.89,
,,,SAN PEDRO,15.98,17.74,16.89,
,,,FRANCISCO I MADERO,15.98,17.74,16.89,
,,,MATAMOROS,15.98,17.74,16.89,
,,,TORREON,15.98,17.74,16.89,
19.0,GUADALAJARA,ZACATECAS,TEUL DE GONZALEZ ORTEGA,16.28,18.21,16.93,
,,,BENITO JUAREZ,16.28,18.21,16.93,
,,JALISCO,ATENGUILLO,16.28,18.21,16.93,
,,,CONCEPCION DE BUENOS AIRES,16.28,18.21,16.93,
,,,LA MANZANILLA DE LA PAZ,16.28,18.21,16.93,
,,,EL GRULLO,16.28,18.21,16.93,
,,,TAMAZULA DE GORDIANO,16.28,18.21,16.93,
,,,AYUTLA,16.28,18.21,16.93,
,,,UNION DE TULA,16.28,18.21,16.93,
,,,ATENGO,16.28,18.21,16.93,
,,,TAPALPA,16.28,18.21,16.93,
,,,CHIQUILISTLAN,16.28,18.21,16.93,
,,,JUCHITLAN,16.28,18.21,16.93,
,,,TENAMAXTLAN,16.28,18.21,16.93,
,,,ZAPOTLAN EL GRANDE,16.28,18.21,16.93,
,,,MIXTLAN,16.28,18.21,16.93,
,,,GOMEZ FARIAS,16.28,18.21,16.93,
,,,TEOCUITATLAN DE CORONA,16.28,18.21,16.93,
,,,TECOLOTLAN,16.28,18.21,16.93,
,,,SAN GABRIEL,16.28,18.21,16.93,
,,,SAYULA,16.28,18.21,16.93,
,,,ATEMAJAC DE BRIZUELA,16.28,18.21,16.93,
,,,SAN MARTIN HIDALGO,16.28,18.21,16.93,
,,,SAN MARCOS,16.28,18.21,16.93,
,,,CUQUIO,16.28,18.21,16.93,
,,,TECHALUTA DE MONTENEGRO,16.28,18.21,16.93,
,,,AMECA,16.28,18.21,16.93,
,,,SAN JUANITO DE ESCOBEDO,16.28,18.21,16.93,
,,,ETZATLAN,16.28,18.21,16.93,
,,,MAGDALENA,16.28,18.21,16.93,
,,,COCULA,16.28,18.21,16.93,
,,,IXTLAHUACAN DEL RIO,16.28,18.21,16.93,
,,,AHUALULCO DE MERCADO,16.28,18.21,16.93,
,,,TEQUILA,16.28,18.21,16.93,
,,,VILLA CORONA,16.28,18.21,16.93,
,,,TEUCHITLAN,16.28,18.21,16.93,
,,,ACATLAN DE JUAREZ,16.28,18.21,16.93,
,,,AMATITAN,16.28,18.21,16.93,
,,,TALA,16.28,18.21,16.93,
,,,TLAJOMULCO DE ZUÑIGA,16.28,18.21,16.93,
,,,TONALA,16.28,18.21,16.93,
,,,EL ARENAL,16.28,18.21,16.93,
,,,GUADALAJARA,16.28,18.21,16.93,
,,,SAN PEDRO TLAQUEPAQUE,16.28,18.21,16.93,
20.0,GUAMUCHIL,SINALOA,GUASAVE,16.04,17.79,16.99,
,,,ANGOSTURA,16.04,17.79,16.99,
,,,MOCORITO,16.04,17.79,16.99,
,,,SALVADOR ALVARADO,16.04,17.79,16.99,
23.0,IGUALA,GUERRERO,TIXTLA DE GUERRERO,15.82,17.58,16.74,
,,,LEONARDO BRAVO,15.82,17.58,16.74,
,,,CHILPANCINGO DE LOS BRAVO,15.82,17.58,16.74,
,,,ATENANGO DEL RIO,15.82,17.58,16.74,
,,,APAXTLA,15.82,17.58,16.74,
,,,MOCHITLAN,15.82,17.58,16.74,
,,,EDUARDO NERI,15.82,17.58,16.74,
,,,TELOLOAPAN,15.82,17.58,16.74,
,,,TAXCO DE ALARCON,15.82,17.58,16.74,
,,,HUITZUCO DE LOS FIGUEROA,15.82,17.58,16.74,
,,,BUENAVISTA DE CUELLAR,15.82,17.58,16.74,
,,,TEPECOACUILCO DE TRUJANO,15.82,17.58,16.74,
,,,COCULA,15.82,17.58,16.74,
,,,IGUALA DE LA INDEPENDENCIA,15.82,17.58,16.74,
24.0,IRAPUATO,GUANAJUATO,YURIRIA,16.01,17.75,16.92,
,,,PENJAMO,16.01,17.75,16.92,
,,,HUANIMARO,16.01,17.75,16.92,
,,,GUANAJUATO,16.01,17.75,16.92,
,,,CUERAMARO,16.01,17.75,16.92,
,,,VALLE DE SANTIAGO,16.01,17.75,16.92,
,,,SILAO DE LA VICTORIA,16.01,17.75,16.92,
,,,ABASOLO,16.01,17.75,16.92,
,,,PUEBLO NUEVO,16.01,17.75,16.92,
,,,SALAMANCA,16.01,17.75,16.92,
,,,IRAPUATO,16.01,17.75,16.92,
25.0,JALAPA,VERACRUZ DE IGNACIO DE LA LLAVE,NAOLINCO,15.45,17.21,16.36,
,,,TEOCELO,15.45,17.21,16.36,
,,,ACAJETE,15.45,17.21,16.36,
,,,EMILIANO ZAPATA,15.45,17.21,16.36,
,,,XICO,15.45,17.21,16.36,
,,,XALAPA,15.45,17.21,16.36,
,,,BANDERILLA,15.45,17.21,16.36,
,,,COATEPEC,15.45,17.21,16.36,
,,,JILOTEPEC,15.45,17.21,16.36,
,,,RAFAEL LUCIO,15.45,17.21,16.36,
26.0,JUAREZ,CHIHUAHUA,PRAXEDIS G GUERRERO,15.57,17.77,16.68,
,,,GUADALUPE,15.57,17.77,16.68,
,,,JUAREZ,15.57,17.77,16.68,
27.0,LA PAZ,BAJA CALIFORNIA SUR,COMONDU,15.86,17.61,16.76,
,,,LOS CABOS,15.86,17.61,16.76,
,,,LA PAZ,15.86,17.61,16.76,
28.0,LAZARO CARDENAS,MICHOACÁN DE OCAMPO,ARTEAGA,15.77,17.52,16.67,
,,,LAZARO CARDENAS,15.77,17.52,16.67,
,,GUERRERO,LA UNIÓN DE ISIDORO MONTES DE OCA,15.77,17.52,16.67,
29.0,LEON,JALISCO,UNION DE SAN ANTONIO,15.95,17.69,16.85,
,,,LAGOS DE MORENO,15.95,17.69,16.85,
,,,SAN DIEGO DE ALEJANDRIA,15.95,17.69,16.85,
,,GUANAJUATO,ROMITA,15.95,17.69,16.85,
,,,MANUEL DOBLADO,15.95,17.69,16.85,
,,,PURISIMA DEL RINCON,15.95,17.69,16.85,
,,,SAN FRANCISCO DEL RINCON,15.95,17.69,16.85,
,,,LEON,15.95,17.69,16.85,
30.0,MADERO,VERACRUZ DE IGNACIO DE LA LLAVE,CHINAMPA DE GOROSTIZA,15.23,16.98,16.14,
,,,OZULUAMA DE MASCAREÑAS,15.23,16.98,16.14,
,,,PANUCO,15.23,16.98,16.14,
,,,TAMPICO ALTO,15.23,16.98,16.14,
,,,CUICHAPA,15.23,16.98,16.14,
,,,PUEBLO VIEJO,15.23,16.98,16.14,
,,TAMAULIPAS,GONZALEZ,15.23,16.98,16.14,
,,,ALTAMIRA,15.23,16.98,16.14,
,,,TAMPICO,15.23,16.98,16.14,
,,,CIUDAD MADERO,15.23,16.98,16.14,
,,SAN LUIS POTOSÍ,EBANO,15.23,16.98,16.14,
,,HIDALGO,JALTOCAN,15.23,16.98,16.14,
32.0,MANTE,TAMAULIPAS,OCAMPO,15.5,17.24,16.39,
,,,XICOTENCATL,15.5,17.24,16.39,
,,,ANTIGUO MORELOS,15.5,17.24,16.39,
,,,EL MANTE,15.5,17.24,16.39,
,,SAN LUIS POTOSÍ,EL NARANJO,15.5,17.24,16.39,
33.0,MANZANILLO,JALISCO,CIHUATLAN,15.8,17.56,16.72,
,,,CUAUTITLAN DE GARCÍA BARRAGÁN,15.8,17.56,16.72,
,,,LA HUERTA,15.8,17.56,16.72,
,,MICHOACÁN DE OCAMPO,AQUILA,15.8,17.56,16.72,
,,,COAHUAYANA,15.8,17.56,16.72,
,,COLIMA,ARMERIA,15.8,17.56,16.72,
,,,IXTLAHUACAN,15.8,17.56,16.72,
,,,MANZANILLO,15.8,17.56,16.72,
,,,MINATITLAN,15.8,17.56,16.72,
,,,TECOMAN,15.8,17.56,16.72,
34.0,MATEHUALA,SAN LUIS POTOSÍ,CATORCE,15.82,17.58,16.74,
,,,VILLA DE GUADALUPE,15.82,17.58,16.74,
,,,VANEGAS,15.82,17.58,16.74,
,,,CEDRAL,15.82,17.58,16.74,
,,,MATEHUALA,15.82,17.58,16.74,
,,,VILLA DE LA PAZ,15.82,17.58,16.74,
,,NUEVO LEÓN,MIER Y NORIEGA,15.82,17.58,16.74,
,,,DOCTOR ARROYO,15.82,17.58,16.74,
35.0,MAZATLAN,SINALOA,ELOTA,15.79,17.54,16.73,
,,,ESCUINAPA,15.79,17.54,16.73,
,,,ROSARIO,15.79,17.54,16.73,
,,,CONCORDIA,15.79,17.54,16.73,
,,,MAZATLAN,15.79,17.54,16.73,
,,NAYARIT,TUXPAN,15.79,17.54,16.73,
36.0,MERIDA,YUCATÁN,RIO LAGARTOS,15.27,17.04,16.19,
,,,CHEMAX,15.27,17.04,16.19,
,,,ESPITA,15.27,17.04,16.19,
,,,TEMOZON,15.27,17.04,16.19,
,,,VALLADOLID,15.27,17.04,16.19,
,,,PETO,15.27,17.04,16.19,
,,,TZUCACAB,15.27,17.04,16.19,
,,,TINUM,15.27,17.04,16.19,
,,,DZILAM DE BRAVO,15.27,17.04,16.19,
,,,TEKAX,15.27,17.04,16.19,
,,,OXKUTZCAB,15.27,17.04,16.19,
,,,AKIL,15.27,17.04,16.19,
,,,CACALCHEN,15.27,17.04,16.19,
,,,CHUMAYEL,15.27,17.04,16.19,
,,,IZAMAL,15.27,17.04,16.19,
,,,CANSAHCAB,15.27,17.04,16.19,
,,,CELESTUN,15.27,17.04,16.19,
,,,TELCHAC PUEBLO,15.27,17.04,16.19,
,,,TICUL,15.27,17.04,16.19,
,,,MAXCANU,15.27,17.04,16.19,
,,,SUMA,15.27,17.04,16.19,
,,,TEKANTO,15.27,17.04,16.19,
,,,MOTUL,15.27,17.04,16.19,
,,,HOCTUN,15.27,17.04,16.19,
,,,MUNA,15.27,17.04,16.19,
,,,KOPOMA,15.27,17.04,16.19,
,,,HUNUCMA,15.27,17.04,16.19,
,,,TIXKOKOB,15.27,17.04,16.19,
,,,ACANCEH,15.27,17.04,16.19,
,,,KINCHIL,15.27,17.04,16.19,
,,,KANASIN,15.27,17.04,16.19,
,,,MERIDA,15.27,17.04,16.19,
,,,MAYAPAN,15.27,17.04,16.19,
,,,UMAN,15.27,17.04,16.19,
,,QUINTANA ROO,JOSE MARIA MORELOS,15.27,17.04,16.19,
38.0,MINATITLAN,VERACRUZ DE IGNACIO DE LA LLAVE,SAYULA DE ALEMAN,15.32,17.06,16.21,
,,,CHINAMECA,15.32,17.06,16.21,
,,,ACAYUCAN,15.32,17.06,16.21,
,,,ZARAGOZA,15.32,17.06,16.21,
,,,MECAYAPAN,15.32,17.06,16.21,
,,,MINATITLAN,15.32,17.06,16.21,
,,,TEXISTEPEC,15.32,17.06,16.21,
39.0,MONCLOVA,COAHUILA DE ZARAGOZA,ESCOBEDO,15.88,17.63,16.8,
,,,SACRAMENTO,15.88,17.63,16.8,
,,,CASTAÑOS,15.88,17.63,16.8,
,,,NADADORES,15.88,17.63,16.8,
,,,SAN BUENAVENTURA,15.88,17.63,16.8,
,,,MONCLOVA,15.88,17.63,16.8,
,,,FRONTERA,15.88,17.63,16.8,
40.0,MORELIA,MICHOACÁN DE OCAMPO,IRIMBO,16.0,17.76,16.91,
,,,SALVADOR ESCALANTE,16.0,17.76,16.91,
,,,ERONGARICUARO,16.0,17.76,16.91,
,,,MARAVATIO,16.0,17.76,16.91,
,,,TZITZIO,16.0,17.76,16.91,
,,,ANGAMACUTIRO,16.0,17.76,16.91,
,,,PATZCUARO,16.0,17.76,16.91,
,,,HIDALGO,16.0,17.76,16.91,
,,,MADERO,16.0,17.76,16.91,
,,,PURUANDIRO,16.0,17.76,16.91,
,,,TZINTZUNTZAN,16.0,17.76,16.91,
,,,HUIRAMBA,16.0,17.76,16.91,
,,,QUIROGA,16.0,17.76,16.91,
,,,LAGUNILLAS,16.0,17.76,16.91,
,,,ACUITZIO,16.0,17.76,16.91,
,,,QUERENDARO,16.0,17.76,16.91,
,,,ZINAPECUARO,16.0,17.76,16.91,
,,,MORELOS,16.0,17.76,16.91,
,,,COENEO,16.0,17.76,16.91,
,,,HUANIQUEO,16.0,17.76,16.91,
,,,INDAPARAPEO,16.0,17.76,16.91,
,,,SANTA ANA MAYA,16.0,17.76,16.91,
,,,CHARO,16.0,17.76,16.91,
,,,HUANDACAREO,16.0,17.76,16.91,
,,,ALVARO OBREGON,16.0,17.76,16.91,
,,,MORELIA,16.0,17.76,16.91,
,,,TARIMBARO,16.0,17.76,16.91,
,,,CUITZEO,16.0,17.76,16.91,
,,GUANAJUATO,URIANGATO,16.0,17.76,16.91,
,,,MOROLEON,16.0,17.76,16.91,
43.0,NUEVO LAREDO,TAMAULIPAS,NUEVO LAREDO,15.88,17.63,16.8,
44.0,OAXACA,OAXACA,SANTA MARIA LA ASUNCION,15.77,17.51,16.69,
,,,HEROICA CIUDAD DE TLAXIACO,15.77,17.51,16.69,
,,,SAN JUAN TEPOSCOLULA,15.77,17.51,16.69,
,,,SAN JUAN LACHAO,15.77,17.51,16.69,
,,,TAMAZULAPAM DEL ESPIRITU SANTO,15.77,17.51,16.69,
,,,VILLA DE CHILAPA DE DIAZ,15.77,17.51,16.69,
,,,SANTO DOMINGO TEOJOMULCO,15.77,17.51,16.69,
,,,TEPELMEME VILLA DE MORELOS,15.77,17.51,16.69,
,,,VILLA TEJUPAM DE LA UNION,15.77,17.51,16.69,
,,,ASUNCION NOCHIXTLAN,15.77,17.51,16.69,
,,,MIAHUATLAN DE PORFIRIO DIAZ,15.77,17.51,16.69,
,,,SANTA MARIA LACHIXIO,15.77,17.51,16.69,
,,,IXTLAN DE JUAREZ,15.77,17.51,16.69,
,,,SAN PEDRO Y SAN PABLO AYUTLA,15.77,17.51,16.69,
,,,HEROICA CIUDAD DE EJUTLA DE CRESPO,15.77,17.51,16.69,
,,,ZIMATLAN DE ALVAREZ,15.77,17.51,16.69,
,,,AYOQUEZCO DE ALDAMA,15.77,17.51,16.69,
,,,SAN PEDRO APOSTOL,15.77,17.51,16.69,
,,,SANTA CRUZ MIXTEPEC,15.77,17.51,16.69,
,,,SAN PABLO HUITZO,15.77,17.51,16.69,
,,,SAN DIONISIO OCOTEPEC,15.77,17.51,16.69,
,,,SAN DIONISIO OCOTLAN,15.77,17.51,16.69,
,,,OCOTLAN DE MORELOS,15.77,17.51,16.69,
,,,SAN PABLO HUIXTEPEC,15.77,17.51,16.69,
,,,MAGDALENA APASCO,15.77,17.51,16.69,
,,,VILLA DE ETLA,15.77,17.51,16.69,
,,,SAN LORENZO CACAOTEPEC,15.77,17.51,16.69,
,,,SAN BARTOLO COYOTEPEC,15.77,17.51,16.69,
,,,SAN PABLO VILLA DE MITLA,15.77,17.51,16.69,
,,,CUILAPAM DE GUERRERO,15.77,17.51,16.69,
,,,OAXACA DE JUAREZ,15.77,17.51,16.69,
,,,SAN ANTONIO DE LA CAL,15.77,17.51,16.69,
,,,SAN FRANCISCO LACHIGOLO,15.77,17.51,16.69,
,,,SAN JACINTO AMILPAS,15.77,17.51,16.69,
,,,SANTA CRUZ XOXOCOTLAN,15.77,17.51,16.69,
,,,SANTA LUCIA DEL CAMINO,15.77,17.51,16.69,
,,,SANTA MARIA DEL TULE,15.77,17.51,16.69,
,,,TEOTITLAN DEL VALLE,15.77,17.51,16.69,
,,,TLACOLULA DE MATAMOROS,15.77,17.51,16.69,
46.0,PACHUCA,TLAXCALA,CALPULALPAN,15.65,17.4,16.59,
,,ESTADO DE MÉXICO,ZUMPANGO,15.65,17.4,16.59,
,,,TEOTIHUACAN,15.65,17.4,16.59,
,,,SAN MARTIN DE LAS PIRAMIDES,15.65,17.4,16.59,
,,,OTUMBA,15.65,17.4,16.59,
,,,AXAPUSCO,15.65,17.4,16.59,
,,,TEMASCALAPA,15.65,17.4,16.59,
,,HIDALGO,ACAXOCHITLAN,15.65,17.4,16.59,
,,,IXMIQUILPAN,15.65,17.4,16.59,
,,,CUAUTEPEC DE HINOJOSA,15.65,17.4,16.59,
,,,APAN,15.65,17.4,16.59,
,,,ALMOLOYA,15.65,17.4,16.59,
,,,EMILIANO ZAPATA,15.65,17.4,16.59,
,,,FRANCISCO I MADERO,15.65,17.4,16.59,
,,,SANTIAGO DE ANAYA,15.65,17.4,16.59,
,,,SAN SALVADOR,15.65,17.4,16.59,
,,,ATOTONILCO EL GRANDE,15.65,17.4,16.59,
,,,TEPEAPULCO,15.65,17.4,16.59,
,,,TULANCINGO DE BRAVO,15.65,17.4,16.59,
,,,HUICHAPAN,15.65,17.4,16.59,
,,,SANTIAGO TULANTEPEC DE LUGO GUERRERO,15.65,17.4,16.59,
,,,HUASCA DE OCAMPO,15.65,17.4,16.59,
,,,TLANALAPA,15.65,17.4,16.59,
,,,TIZAYUCA,15.65,17.4,16.59,
,,,EL ARENAL,15.65,17.4,16.59,
,,,ACTOPAN,15.65,17.4,16.59,
,,,SINGUILUCAN,15.65,17.4,16.59,
,,,TOLCAYUCA,15.65,17.4,16.59,
,,,ZEMPOALA,15.65,17.4,16.59,
,,,EPAZOYUCAN,15.65,17.4,16.59,
,,,ZAPOTLAN DE JUAREZ,15.65,17.4,16.59,
,,,SAN AGUSTIN TLAXIACA,15.65,17.4,16.59,
,,,MINERAL DE LA REFORMA,15.65,17.4,16.59,
,,,MINERAL DEL MONTE,15.65,17.4,16.59,
,,,PACHUCA DE SOTO,15.65,17.4,16.59,
47.0,PAJARITOS,VERACRUZ DE IGNACIO DE LA LLAVE,SAN JUAN EVANGELISTA,15.27,17.02,16.17,
,,,OLUTA,15.27,17.02,16.17,
,,,JALTIPAN,15.27,17.02,16.17,
,,,LAS CHOAPAS,15.27,17.02,16.17,
,,,AGUA DULCE,15.27,17.02,16.17,
,,,OTEAPAN,15.27,17.02,16.17,
,,,COATZACOALCOS,15.27,17.02,16.17,
,,,COSOLEACAQUE,15.27,17.02,16.17,
,,,IXHUATLAN DEL SURESTE,15.27,17.02,16.17,
,,,MOLOACAN,15.27,17.02,16.17,
,,,NANCHITAL DE LAZARO CARDENAS DEL RIO,15.27,17.02,16.17,
48.0,PARRAL,DURANGO,EL ORO,16.2,18.13,17.27,
,,,HIDALGO,16.2,18.13,17.27,
,,,OCAMPO,16.2,18.13,17.27,
,,CHIHUAHUA,BALLEZA,16.2,18.13,17.27,
,,,JIMENEZ,16.2,18.13,17.27,
,,,EL TULE,16.2,18.13,17.27,
,,,VALLE DE ZARAGOZA,16.2,18.13,17.27,
,,,ALLENDE,16.2,18.13,17.27,
,,,MATAMOROS,16.2,18.13,17.27,
,,,HIDALGO DEL PARRAL,16.2,18.13,17.27,
49.0,PEROTE,VERACRUZ DE IGNACIO DE LA LLAVE,JALACINGO,15.56,17.32,16.48,
,,,ALTOTONGA,15.56,17.32,16.48,
,,,PEROTE,15.56,17.32,16.48,
,,,LAS VIGAS DE RAMIREZ,15.56,17.32,16.48,
,,TLAXCALA,EL CARMEN TEQUEXQUITLA,15.56,17.32,16.48,
,,PUEBLA,ATEMPAN,15.56,17.32,16.48,
,,,ZACAPOAXTLA,15.56,17.32,16.48,
,,,TLATLAUQUITEPEC,15.56,17.32,16.48,
,,,QUIMIXTLAN,15.56,17.32,16.48,
,,,TLACHICHUCA,15.56,17.32,16.48,
,,,ACATENO,15.56,17.32,16.48,
,,,CUYOACO,15.56,17.32,16.48,
,,,LIBRES,15.56,17.32,16.48,
,,,ORIENTAL,15.56,17.32,16.48,
,,,LAFRAGUA,15.56,17.32,16.48,
,,,SAN SALVADOR EL SECO,15.56,17.32,16.48,
,,,GUADALUPE VICTORIA,15.56,17.32,16.48,
,,,XIUTETELCO,15.56,17.32,16.48,
,,,TEPEYAHUALCO,15.56,17.32,16.48,
50.0,POZA RICA,VERACRUZ DE IGNACIO DE LA LLAVE,NAUTLA,15.35,17.09,16.26,
,,,TAMIAHUA,15.35,17.09,16.26,
,,,MARTINEZ DE LA TORRE,15.35,17.09,16.26,
,,,COYUTLA,15.35,17.09,16.26,
,,,TECOLUTLA,15.35,17.09,16.26,
,,,ALAMO TEMAPACHE,15.35,17.09,16.26,
,,,TUXPAN,15.35,17.09,16.26,
,,,ESPINAL,15.35,17.09,16.26,
,,,GUTIERREZ ZAMORA,15.35,17.09,16.26,
,,,CERRO AZUL,15.35,17.09,16.26,
,,,CASTILLO DE TEAYO,15.35,17.09,16.26,
,,,CAZONES DE HERRERA,15.35,17.09,16.26,
,,,PAPANTLA,15.35,17.09,16.26,
,,,TIHUATLAN,15.35,17.09,16.26,
,,,COATZINTLA,15.35,17.09,16.26,
,,,POZA RICA DE HIDALGO,15.35,17.09,16.26,
,,PUEBLA,HUAUCHINANGO,15.35,17.09,16.26,
,,,XICOTEPEC,15.35,17.09,16.26,
,,,AYOTOXCO DE GUERRERO,15.35,17.09,16.26,
,,,PANTEPEC,15.35,17.09,16.26,
,,,VENUSTIANO CARRANZA,15.35,17.09,16.26,
51.0,PROGRESO,YUCATÁN,BUCTZOTZ,15.19,16.96,16.11,
,,,DZILAM GONZALEZ,15.19,16.96,16.11,
,,,DZIDZANTUN,15.19,16.96,16.11,
,,,MOCOCHA,15.19,16.96,16.11,
,,,TELCHAC PUERTO,15.19,16.96,16.11,
,,,CONKAL,15.19,16.96,16.11,
,,,PROGRESO,15.19,16.96,16.11,
52.0,PUEBLA,TLAXCALA,XALOZTOC,15.64,17.4,16.55,
,,,ATLANGATEPEC,15.64,17.4,16.55,
,,,HUAMANTLA,15.64,17.4,16.55,
,,,CUAPIAXTLA,15.64,17.4,16.55,
,,,TETLA DE LA SOLIDARIDAD,15.64,17.4,16.55,
,,,IXTACUIXTLA DE MARIANO MATAMOROS,15.64,17.4,16.55,
,,,APIZACO,15.64,17.4,16.55,
,,,TOTOLAC,15.64,17.4,16.55,
,,,YAUHQUEMEHCAN,15.64,17.4,16.55,
,,,TEPETITLA DE LARDIZABAL,15.64,17.4,16.55,
,,,SANTA CRUZ TLAXCALA,15.64,17.4,16.55,
,,,CHIAUTEMPAN,15.64,17.4,16.55,
,,,NATIVITAS,15.64,17.4,16.55,
,,,TETLATLAHUCA,15.64,17.4,16.55,
,,,HUEYOTLIPAN,15.64,17.4,16.55,
,,,TLAXCALA,15.64,17.4,16.55,
,,,TEPEYANCO,15.64,17.4,16.55,
,,,ACUAMANALA DE MIGUEL HIDALGO,15.64,17.4,16.55,
,,,ZACATELCO,15.64,17.4,16.55,
,,,PAPALOTLA DE XICOHTENCATL,15.64,17.4,16.55,
,,,SAN PABLO DEL MONTE,15.64,17.4,16.55,
,,,TENANCINGO,15.64,17.4,16.55,
,,,XICOHTZINCO,15.64,17.4,16.55,
,,PUEBLA,YEHUALTEPEC,15.64,17.4,16.55,
,,,MOLCAXAC,15.64,17.4,16.55,
,,,TEPEOJUMA,15.64,17.4,16.55,
,,,MAZAPILTEPEC DE JUAREZ,15.64,17.4,16.55,
,,,TECAMACHALCO,15.64,17.4,16.55,
,,,HUITZILTEPEC,15.64,17.4,16.55,
,,,TOCHTEPEC,15.64,17.4,16.55,
,,,SAN JOSE CHIAPA,15.64,17.4,16.55,
,,,SAN SALVADOR HUIXCOLOTLA,15.64,17.4,16.55,
,,,TLAHUAPAN,15.64,17.4,16.55,
,,,ATLIXCO,15.64,17.4,16.55,
,,,SANTO TOMAS HUEYOTLIPAN,15.64,17.4,16.55,
,,,HUAQUECHULA,15.64,17.4,16.55,
,,,CUAPIAXTLA DE MADERO,15.64,17.4,16.55,
,,,ACATZINGO,15.64,17.4,16.55,
,,,RAFAEL LARA GRAJALES,15.64,17.4,16.55,
,,,SAN SALVADOR EL VERDE,15.64,17.4,16.55,
,,,GENERAL FELIPE ANGELES,15.64,17.4,16.55,
,,,SAN MATIAS TLALANCALECA,15.64,17.4,16.55,
,,,TECALI DE HERRERA,15.64,17.4,16.55,
,,,MIXTLA,15.64,17.4,16.55,
,,,SAN MARTIN TEXMELUCAN,15.64,17.4,16.55,
,,,LOS REYES DE JUAREZ,15.64,17.4,16.55,
,,,OCOYUCAN,15.64,17.4,16.55,
,,,SANTA ISABEL CHOLULA,15.64,17.4,16.55,
,,,HUEJOTZINGO,15.64,17.4,16.55,
,,,TEPEACA,15.64,17.4,16.55,
,,,NEALTICAN,15.64,17.4,16.55,
,,,SAN GREGORIO ATZOMPA,15.64,17.4,16.55,
,,,ACAJETE,15.64,17.4,16.55,
,,,SAN ANDRES CHOLULA,15.64,17.4,16.55,
,,,SAN PEDRO CHOLULA,15.64,17.4,16.55,
,,,TEPATLAXCO DE HIDALGO,15.64,17.4,16.55,
,,,AMOZOC,15.64,17.4,16.55,
,,,CUAUTLANCINGO,15.64,17.4,16.55,
,,,CORONANGO,15.64,17.4,16.55,
,,,PUEBLA,15.64,17.4,16.55,
53.0,QUERETARO,QUERÉTARO,TEQUISQUIAPAN,15.89,17.63,16.78,
,,,CADEREYTA DE MONTES,15.89,17.63,16.78,
,,,EZEQUIEL MONTES,15.89,17.63,16.78,
,,,SAN JUAN DEL RIO,15.89,17.63,16.78,
,,,COLON,15.89,17.63,16.78,
,,,PEDRO ESCOBEDO,15.89,17.63,16.78,
,,,HUIMILPAN,15.89,17.63,16.78,
,,,EL MARQUES,15.89,17.63,16.78,
,,,QUERETARO,15.89,17.63,16.78,
,,,CORREGIDORA,15.89,17.63,16.78,
,,GUANAJUATO,SAN DIEGO DE LA UNION,15.89,17.63,16.78,
,,,SAN LUIS DE LA PAZ,15.89,17.63,16.78,
,,,SANTA CATARINA,15.89,17.63,16.78,
,,,VICTORIA,15.89,17.63,16.78,
,,,SAN JOSE ITURBIDE,15.89,17.63,16.78,
,,,CORONEO,15.89,17.63,16.78,
,,,DOCTOR MORA,15.89,17.63,16.78,
54.0,REYNOSA,TAMAULIPAS,MATAMOROS,15.66,17.3,16.65,
,,,MIGUEL ALEMAN,15.66,17.3,16.65,
,,,CAMARGO,15.66,17.3,16.65,
,,,GUSTAVO DIAZ ORDAZ,15.66,17.3,16.65,
,,,RIO BRAVO,15.66,17.3,16.65,
,,,REYNOSA,15.66,17.3,16.65,
56.0,SABINAS,COAHUILA DE ZARAGOZA,PIEDRAS NEGRAS,15.98,17.74,16.9,
,,,NAVA,15.98,17.74,16.9,
,,,MORELOS,15.98,17.74,16.9,
,,,ALLENDE,15.98,17.74,16.9,
,,,SAN JUAN DE SABINAS,15.98,17.74,16.9,
,,,SABINAS,15.98,17.74,16.9,
57.0,SALINA CRUZ,OAXACA,SAN PEDRO TOTOLAPAM,15.59,17.34,16.51,
,,,SANTOS REYES NOPALA,15.59,17.34,16.51,
,,,SANTA MARIA TONAMECA,15.59,17.34,16.51,
,,,SANTA MARIA HUATULCO,15.59,17.34,16.51,
,,,SAN PEDRO TAPANATEPEC,15.59,17.34,16.51,
,,,CANDELARIA LOXICHA,15.59,17.34,16.51,
,,,SAN FRANCISCO IXHUATAN,15.59,17.34,16.51,
,,,NEJAPA DE MADERO,15.59,17.34,16.51,
,,,SAN JUAN GUICHICOVI,15.59,17.34,16.51,
,,,MATIAS ROMERO AVENDAÑO,15.59,17.34,16.51,
,,,SANTO DOMINGO ZANATEPEC,15.59,17.34,16.51,
,,,SANTIAGO NILTEPEC,15.59,17.34,16.51,
,,,SANTA MARIA PETAPA,15.59,17.34,16.51,
,,,UNION HIDALGO,15.59,17.34,16.51,
,,,SANTIAGO ASTATA,15.59,17.34,16.51,
,,,ASUNCION IXTALTEPEC,15.59,17.34,16.51,
,,,EL ESPINAL,15.59,17.34,16.51,
,,,HEROICA CIUDAD DE JUCHITAN DE ZARAGOZA,15.59,17.34,16.51,
,,,CIUDAD IXTEPEC,15.59,17.34,16.51,
,,,SANTA MARIA JALAPA DEL MARQUES,15.59,17.34,16.51,
,,,SALINA CRUZ,15.59,17.34,16.51,
,,,SANTO DOMINGO TEHUANTEPEC,15.59,17.34,16.51,
,,CHIAPAS,PIJIJIAPAN,15.59,17.34,16.51,
,,,TONALA,15.59,17.34,16.51,
,,,ARRIAGA,15.59,17.34,16.51,
58.0,SALTILLO,NUEVO LEÓN,GALEANA,15.85,17.59,16.74,
,,COAHUILA DE ZARAGOZA,GENERAL CEPEDA,15.85,17.59,16.74,
,,,ARTEAGA,15.85,17.59,16.74,
,,,SALTILLO,15.85,17.59,16.74,
,,,RAMOS ARIZPE,15.85,17.59,16.74,
59.0,SAN JUAN IXHUATEPEC,ESTADO DE MÉXICO,NEXTLALPAN,16.09,18.02,16.76,
,,,TULTEPEC,16.09,18.02,16.76,
,,,TULTITLAN,16.09,18.02,16.76,
,,,SANTO TOMAS,16.09,18.02,16.76,
,,,ACOLMAN,16.09,18.02,16.76,
,,,COACALCO DE BERRIOZABAL,16.09,18.02,16.76,
,,,TEXCOCO,16.09,18.02,16.76,
,,,TECAMAC,16.09,18.02,16.76,
,,,TEZOYUCA,16.09,18.02,16.76,
,,,ECATEPEC DE MORELOS,16.09,18.02,16.76,
,,,JALTENCO,16.09,18.02,16.76,
,,CIUDAD DE MÉXICO,IZTAPALAPA,16.09,18.02,16.76,
60.0,SAN LUIS POTOSI,SAN LUIS POTOSÍ,VILLA HIDALGO,15.67,17.57,16.57,
,,,AHUALULCO,15.67,17.57,16.57,
,,,SANTA MARIA DEL RIO,15.67,17.57,16.57,
,,,VILLA DE REYES,15.67,17.57,16.57,
,,,MEXQUITIC DE CARMONA,15.67,17.57,16.57,
,,,ZARAGOZA,15.67,17.57,16.57,
,,,SAN LUIS POTOSI,15.67,17.57,16.57,
,,,SOLEDAD DE GRACIANO SANCHEZ,15.67,17.57,16.57,
,,GUANAJUATO,SAN FELIPE,15.67,17.57,16.57,
61.0,SANTA CATARINA,NUEVO LEÓN,APODACA,16.07,18.03,16.73,
,,,SAN NICOLAS DE LOS GARZA,16.07,18.03,16.73,
,,,GENERAL ESCOBEDO,16.07,18.03,16.73,
,,,GUADALUPE,16.07,18.03,16.73,
,,,JUAREZ,16.07,18.03,16.73,
,,,MONTERREY,16.07,18.03,16.73,
,,,GARCIA,16.07,18.03,16.73,
,,,SAN PEDRO GARZA GARCIA,16.07,18.03,16.73,
,,,SANTA CATARINA,16.07,18.03,16.73,
62.0,TAPACHULA,CHIAPAS,VILLA COMALTITLAN,15.8,17.55,16.71,
,,,SUCHIATE,15.8,17.55,16.71,
,,,HUIXTLA,15.8,17.55,16.71,
,,,CACAHOATAN,15.8,17.55,16.71,
,,,FRONTERA HIDALGO,15.8,17.55,16.71,
,,,MAZATAN,15.8,17.55,16.71,
,,,HUEHUETAN,15.8,17.55,16.71,
,,,TAPACHULA,15.8,17.55,16.71,
,,,TUXTLA CHICO,15.8,17.55,16.71,
63.0,TEHUACAN,PUEBLA,ATZITZIHUACAN,15.63,17.39,16.54,
,,,COXCATLAN,15.63,17.39,16.54,
,,,TLACOTEPEC DE BENITO JUAREZ,15.63,17.39,16.54,
,,,ESPERANZA,15.63,17.39,16.54,
,,,VICENTE GUERRERO,15.63,17.39,16.54,
,,,ZAPOTITLAN,15.63,17.39,16.54,
,,,ZINACATEPEC,15.63,17.39,16.54,
,,,AJALPAN,15.63,17.39,16.54,
,,,SAN GABRIEL CHILAC,15.63,17.39,16.54,
,,,ALTEPEXI,15.63,17.39,16.54,
,,,CAÑADA MORELOS,15.63,17.39,16.54,
,,,TEPANCO DE LOPEZ,15.63,17.39,16.54,
,,,TEHUACAN,15.63,17.39,16.54,
,,,CHAPULCO,15.63,17.39,16.54,
,,,SANTIAGO MIAHUATLAN,15.63,17.39,16.54,
,,OAXACA,SAN SEBASTIAN TECOMAXTLAHUACA,15.63,17.39,16.54,
,,,HEROICA CIUDAD DE HUAJUAPAN DE LEON,15.63,17.39,16.54,
,,,TEOTITLAN DE FLORES MAGON,15.63,17.39,16.54,
,,,SANTIAGO CHAZUMBA,15.63,17.39,16.54,
64.0,TEPIC,NAYARIT,ROSAMORADA,16.19,17.95,17.13,
,,,BAHIA DE BANDERAS,16.19,17.95,17.13,
,,,COMPOSTELA,16.19,17.95,17.13,
,,,IXTLAN DEL RIO,16.19,17.95,17.13,
,,,SAN BLAS,16.19,17.95,17.13,
,,,SAN PEDRO LAGUNILLAS,16.19,17.95,17.13,
,,,JALA,16.19,17.95,17.13,
,,,RUIZ,16.19,17.95,17.13,
,,,SANTIAGO IXCUINTLA,16.19,17.95,17.13,
,,,SANTA MARIA DEL ORO,16.19,17.95,17.13,
,,,TEPIC,16.19,17.95,17.13,
,,,XALISCO,16.19,17.95,17.13,
65.0,TIERRA BLANCA,VERACRUZ DE IGNACIO DE LA LLAVE,AMATITLAN,15.46,17.21,16.38,
,,,CARRILLO PUERTO,15.46,17.21,16.38,
,,,COSAMALOAPAN DE CARPIO,15.46,17.21,16.38,
,,,JOSE AZUETA,15.46,17.21,16.38,
,,,TLACOJALPAN,15.46,17.21,16.38,
,,,TEZONAPA,15.46,17.21,16.38,
,,,COTAXTLA,15.46,17.21,16.38,
,,,TRES VALLES,15.46,17.21,16.38,
,,,TIERRA BLANCA,15.46,17.21,16.38,
,,OAXACA,LOMA BONITA,15.46,17.21,16.38,
,,,SAN JOSE CHILTEPEC,15.46,17.21,16.38,
,,,SAN JUAN BAUTISTA TUXTEPEC,15.46,17.21,16.38,
,,,ACATLAN DE PEREZ FIGUEROA,15.46,17.21,16.38,
,,,COSOLAPA,15.46,17.21,16.38,
,,,SAN MIGUEL SOYALTEPEC,15.46,17.21,16.38,
66.0,TOLUCA,MICHOACÁN DE OCAMPO,TLALPUJAHUA,15.82,17.57,16.74,
,,,CONTEPEC,15.82,17.57,16.74,
,,,ZITACUARO,15.82,17.57,16.74,
,,,JUAREZ,15.82,17.57,16.74,
,,ESTADO DE MÉXICO,ZACAZONAPAN,15.82,17.57,16.74,
,,,TEMASCALCINGO,15.82,17.57,16.74,
,,,SULTEPEC,15.82,17.57,16.74,
,,,TEJUPILCO,15.82,17.57,16.74,
,,,VALLE DE BRAVO,15.82,17.57,16.74,
,,,COATEPEC HARINAS,15.82,17.57,16.74,
,,,ACAMBAY DE RUIZ CASTAÑEDA,15.82,17.57,16.74,
,,,SAN FELIPE DEL PROGRESO,15.82,17.57,16.74,
,,,ALMOLOYA DE ALQUISIRAS,15.82,17.57,16.74,
,,,IXTAPAN DE LA SAL,15.82,17.57,16.74,
,,,TEXCALTITLAN,15.82,17.57,16.74,
,,,VILLA DE ALLENDE,15.82,17.57,16.74,
,,,TONATICO,15.82,17.57,16.74,
,,,AMANALCO,15.82,17.57,16.74,
,,,EL ORO,15.82,17.57,16.74,
,,,MALINALCO,15.82,17.57,16.74,
,,,ATLACOMULCO,15.82,17.57,16.74,
,,,MORELOS,15.82,17.57,16.74,
,,,ZUMPAHUACAN,15.82,17.57,16.74,
,,,TEMASCALTEPEC,15.82,17.57,16.74,
,,,JOCOTITLAN,15.82,17.57,16.74,
,,,OCUILAN,15.82,17.57,16.74,
,,,VILLA GUERRERO,15.82,17.57,16.74,
,,,JIQUIPILCO,15.82,17.57,16.74,
,,,TENANCINGO,15.82,17.57,16.74,
,,,VILLA VICTORIA,15.82,17.57,16.74,
,,,IXTLAHUACA,15.82,17.57,16.74,
,,,JOQUICINGO,15.82,17.57,16.74,
,,,TIANGUISTENCO,15.82,17.57,16.74,
,,,XALATLACO,15.82,17.57,16.74,
,,,TEXCALYACAC,15.82,17.57,16.74,
,,,OTZOLOTEPEC,15.82,17.57,16.74,
,,,TENANGO DEL VALLE,15.82,17.57,16.74,
,,,ALMOLOYA DE JUAREZ,15.82,17.57,16.74,
,,,CAPULHUAC,15.82,17.57,16.74,
,,ESTADO DE MÉXICO,RAYON,15.82,17.57,16.74,
,,,CALIMAYA,15.82,17.57,16.74,
,,,TEMOAYA,15.82,17.57,16.74,
,,,LERMA,15.82,17.57,16.74,
,,,XONACATLAN,15.82,17.57,16.74,
,,,ZINACANTEPEC,15.82,17.57,16.74,
,,,SAN MATEO ATENCO,15.82,17.57,16.74,
,,,OCOYOACAC,15.82,17.57,16.74,
,,,TOLUCA,15.82,17.57,16.74,
,,,CHAPULTEPEC,15.82,17.57,16.74,
,,,METEPEC,15.82,17.57,16.74,
,,,MEXICALTZINGO,15.82,17.57,16.74,
67.0,TOPOLOBAMPO,SINALOA,EL FUERTE,15.79,17.54,16.73,
,,,AHOME,15.79,17.54,16.73,
68.0,TULA,ESTADO DE MÉXICO,CHAPA DE MOTA,15.69,17.44,16.62,
,,,HUEYPOXTLA,15.69,17.44,16.62,
,,,JILOTEPEC,15.69,17.44,16.62,
,,,SOYANIQUILPAN DE JUAREZ,15.69,17.44,16.62,
,,,COYOTEPEC,15.69,17.44,16.62,
,,,TEOLOYUCAN,15.69,17.44,16.62,
,,,TEQUIXQUIAC,15.69,17.44,16.62,
,,,HUEHUETOCA,15.69,17.44,16.62,
,,,APAXCO,15.69,17.44,16.62,
,,HIDALGO,CHAPANTONGO,15.69,17.44,16.62,
,,,CHILCUAUTLA,15.69,17.44,16.62,
,,,PROGRESO DE OBREGON,15.69,17.44,16.62,
,,,AJACUBA,15.69,17.44,16.62,
,,,TEPEJI DEL RIO DE OCAMPO,15.69,17.44,16.62,
,,,MIXQUIAHUALA DE JUAREZ,15.69,17.44,16.62,
,,,TETEPANGO,15.69,17.44,16.62,
,,,TEZONTEPEC DE ALDAMA,15.69,17.44,16.62,
,,,TULA DE ALLENDE,15.69,17.44,16.62,
,,,ATOTONILCO DE TULA,15.69,17.44,16.62,
,,,ATITALAQUIA,15.69,17.44,16.62,
,,,TEPETITLAN,15.69,17.44,16.62,
,,,TLAHUELILPAN,15.69,17.44,16.62,
,,,TLAXCOAPAN,15.69,17.44,16.62,
69.0,TUXTLA GUTIERREZ,CHIAPAS,LAS ROSAS,15.58,17.33,16.49,
,,,SIMOJOVEL,15.58,17.33,16.49,
,,,SOCOLTENANGO,15.58,17.33,16.49,
,,,TEOPISCA,15.58,17.33,16.49,
,,,JITOTOL,15.58,17.33,16.49,
,,,VENUSTIANO CARRANZA,15.58,17.33,16.49,
,,,AMATENANGO DEL VALLE,15.58,17.33,16.49,
,,,VILLA CORZO,15.58,17.33,16.49,
,,,VILLAFLORES,15.58,17.33,16.49,
,,,BOCHIL,15.58,17.33,16.49,
,,,SAN CRISTOBAL DE LAS CASAS,15.58,17.33,16.49,
,,,TECPATAN,15.58,17.33,16.49,
,,,CINTALAPA,15.58,17.33,16.49,
,,,JIQUIPILAS,15.58,17.33,16.49,
,,,COPAINALA,15.58,17.33,16.49,
,,,IXTAPA,15.58,17.33,16.49,
,,,ACALA,15.58,17.33,16.49,
,,,SUCHIAPA,15.58,17.33,16.49,
,,,CHIAPA DE CORZO,15.58,17.33,16.49,
,,,OCOZOCOAUTLA DE ESPINOSA,15.58,17.33,16.49,
,,,TUXTLA GUTIERREZ,15.58,17.33,16.49,
,,,BERRIOZABAL,15.58,17.33,16.49,
,,,SAN FERNANDO,15.58,17.33,16.49,
70.0,URUAPAN,MICHOACÁN DE OCAMPO,BUENAVISTA,16.11,17.88,17.03,
,,,LA HUACANA,16.11,17.88,17.03,
,,,APATZINGAN,16.11,17.88,17.03,
,,,PARACUARO,16.11,17.88,17.03,
,,,MUGICA,16.11,17.88,17.03,
,,,TANCITARO,16.11,17.88,17.03,
,,,NAHUATZEN,16.11,17.88,17.03,
,,,CHERAN,16.11,17.88,17.03,
,,,GABRIEL ZAMORA,16.11,17.88,17.03,
,,,NUEVO URECHO,16.11,17.88,17.03,
,,,PARACHO,16.11,17.88,17.03,
,,,TARETAN,16.11,17.88,17.03,
,,,TINGAMBATO,16.11,17.88,17.03,
,,,NUEVO PARANGARICUTIRO,16.11,17.88,17.03,
,,,URUAPAN,16.11,17.88,17.03,
,,,ZIRACUARETIRO,16.11,17.88,17.03,
71.0,VALLES,SAN LUIS POTOSÍ,ALAQUINES,15.51,17.29,16.45,
,,,CIUDAD FERNANDEZ,15.51,17.29,16.45,
,,,SAN MARTIN CHALCHICUAUTLA,15.51,17.29,16.45,
,,,TAMAZUNCHALE,15.51,17.29,16.45,
,,,CARDENAS,15.51,17.29,16.45,
,,,RAYON,15.51,17.29,16.45,
,,,TANQUIAN DE ESCOBEDO,15.51,17.29,16.45,
,,,XILITLA,15.51,17.29,16.45,
,,,RIO VERDE,15.51,17.29,16.45,
,,,AXTLA DE TERRAZAS,15.51,17.29,16.45,
,,,SAN VICENTE TANCUAYALAB,15.51,17.29,16.45,
,,,HUEHUETLAN,15.51,17.29,16.45,
,,,TANCANHUITZ,15.51,17.29,16.45,
,,,TAMASOPO,15.51,17.29,16.45,
,,,CIUDAD VALLES,15.51,17.29,16.45,
,,,AQUISMON,15.51,17.29,16.45,
,,QUERÉTARO,LANDA DE MATAMOROS,15.51,17.29,16.45,
72.0,VERACRUZ,VERACRUZ DE IGNACIO DE LA LLAVE,TLALIXCOYAN,15.19,16.94,16.1,
,,,ACTOPAN,15.19,16.94,16.1,
,,,ALVARADO,15.19,16.94,16.1,
,,,JAMAPA,15.19,16.94,16.1,
,,,PASO DE OVEJAS,15.19,16.94,16.1,
,,,SOLEDAD DE DOBLADO,15.19,16.94,16.1,
,,,PUENTE NACIONAL,15.19,16.94,16.1,
,,,URSULO GALVAN,15.19,16.94,16.1,
,,,MEDELLIN DE BRAVO,15.19,16.94,16.1,
,,,LA ANTIGUA,15.19,16.94,16.1,
,,,MANLIO FABIO ALTAMIRANO,15.19,16.94,16.1,
,,,VERACRUZ,15.19,16.94,16.1,
,,,BOCA DEL RIO,15.19,16.94,16.1,
73.0,VICTORIA,TAMAULIPAS,SOTO LA MARINA,15.49,17.24,16.41,
,,,JIMENEZ,15.49,17.24,16.41,
,,,HIDALGO,15.49,17.24,16.41,
,,,JAUMAVE,15.49,17.24,16.41,
,,,LLERA,15.49,17.24,16.41,
,,,PADILLA,15.49,17.24,16.41,
,,,GÜEMEZ,15.49,17.24,16.41,
,,,VICTORIA,15.49,17.24,16.41,
74.0,VILLAHERMOSA,TABASCO,PARAISO,15.42,17.18,16.33,
,,,CENTLA,15.42,17.18,16.33,
,,,COMALCALCO,15.42,17.18,16.33,
,,,TACOTALPA,15.42,17.18,16.33,
,,,HUIMANGUILLO,15.42,17.18,16.33,
,,,TEAPA,15.42,17.18,16.33,
,,,MACUSPANA,15.42,17.18,16.33,
,,,EMILIANO ZAPATA,15.42,17.18,16.33,
,,,JALAPA,15.42,17.18,16.33,
,,,JALPA DE MENDEZ,15.42,17.18,16.33,
,,,CARDENAS,15.42,17.18,16.33,
,,,CUNDUACAN,15.42,17.18,16.33,
,,,NACAJUCA,15.42,17.18,16.33,
,,,CENTRO,15.42,17.18,16.33,
,,CHIAPAS,IXTACOMITAN,15.42,17.18,16.33,
,,,PICHUCALCO,15.42,17.18,16.33,
,,,JUAREZ,15.42,17.18,16.33,
,,,REFORMA,15.42,17.18,16.33,
,,CAMPECHE,PALIZADA,15.42,17.18,16.33,
75.0,ZACATECAS,ZACATECAS,RIO GRANDE,15.97,17.75,16.88,
,,,CAÑITAS DE FELIPE PESCADOR,15.97,17.75,16.88,
,,,TABASCO,15.97,17.75,16.88,
,,,SAIN ALTO,15.97,17.75,16.88,
,,,TEPETONGO,15.97,17.75,16.88,
,,,VILLA HIDALGO,15.97,17.75,16.88,
,,,VILLA DE COS,15.97,17.75,16.88,
,,,FRESNILLO,15.97,17.75,16.88,
,,,VILLANUEVA,15.97,17.75,16.88,
,,,JEREZ,15.97,17.75,16.88,
,,,VILLA GONZALEZ ORTEGA,15.97,17.75,16.88,
,,,GENERAL ENRIQUE ESTRADA,15.97,17.75,16.88,
,,,CUAUHTEMOC,15.97,17.75,16.88,
,,,CALERA,15.97,17.75,16.88,
,,,MORELOS,15.97,17.75,16.88,
,,,GENERAL PANFILO NATERA,15.97,17.75,16.88,
,,,PANUCO,15.97,17.75,16.88,
,,,OJOCALIENTE,15.97,17.75,16.88,
,,,ZACATECAS,15.97,17.75,16.88,
,,,GUADALUPE,15.97,17.75,16.88,
,,SAN LUIS POTOSÍ,SANTO DOMINGO,15.97,17.75,16.88,
,,,VILLA DE RAMOS,15.97,17.75,16.88,
,,,SALINAS,15.97,17.75,16.88,
,,JALISCO,COLOTLAN,15.97,17.75,16.88,
,,,SANTA MARIA DE LOS ANGELES,15.97,17.75,16.88,
,,,HUEJUCAR,15.97,17.75,16.88,
76.0,ZAMORA,MICHOACÁN DE OCAMPO,PAJACUARAN,16.16,17.9,17.05,
,,,LOS REYES,16.16,17.9,17.05,
,,,TANHUATO,16.16,17.9,17.05,
,,,TOCUMBO,16.16,17.9,17.05,
,,,ZACAPU,16.16,17.9,17.05,
,,,VENUSTIANO CARRANZA,16.16,17.9,17.05,
,,,VILLAMAR,16.16,17.9,17.05,
,,,YURECUARO,16.16,17.9,17.05,
,,,PUREPERO,16.16,17.9,17.05,
,,,BRISEÑAS,16.16,17.9,17.05,
,,,NUMARAN,16.16,17.9,17.05,
,,,CHAVINDA,16.16,17.9,17.05,
,,,TLAZAZALCA,16.16,17.9,17.05,
,,,TANGAMANDAPIO,16.16,17.9,17.05,
,,,CHILCHOTA,16.16,17.9,17.05,
,,,VISTA HERMOSA,16.16,17.9,17.05,
,,,TANGANCICUARO,16.16,17.9,17.05,
,,,CHURINTZIO,16.16,17.9,17.05,
,,,IXTLAN,16.16,17.9,17.05,
,,,JACONA,16.16,17.9,17.05,
,,,ZAMORA,16.16,17.9,17.05,
,,,ECUANDUREO,16.16,17.9,17.05,
,,JALISCO,JAMAY,16.16,17.9,17.05,
,,,LA BARCA,16.16,17.9,17.05,
77.0,ZONA DE DISTRIBUCIÓN PENÍNSULA DE YUCATÁN,QUINTANA ROO,BENITO JUAREZ,15.75,17.52,16.67,
,,,COZUMEL,15.75,17.52,16.67,
,,,FELIPE CARRILLO PUERTO,15.75,17.52,16.67,
,,,ISLA MUJERES,15.75,17.52,16.67,
,,,SOLIDARIDAD,15.75,17.52,16.67,
,,,OTHON P BLANCO,15.75,17.52,16.67,
,,,LAZARO CARDENAS,15.75,17.52,16.67,
,,CAMPECHE,HOPELCHEN,15.75,17.52,16.67,
,,YUCATÁN,PANABA,15.75,17.52,16.67,
,,,SAN FELIPE,15.75,17.52,16.67,
,,,SUCILA,15.75,17.52,16.67,
,,,TIZIMIN,15.75,17.52,16.67,
78.0,ZONA DE DISTRIBUCIÓN NORESTE,NUEVO LEÓN,AGUALEGUAS,16.31,18.06,17.23,
,,,LOS ALDAMAS,16.31,18.06,17.23,
,,,ANAHUAC,16.31,18.06,17.23,
,,,ARAMBERRI,16.31,18.06,17.23,
,,,BUSTAMANTE,16.31,18.06,17.23,
,,,CARMEN,16.31,18.06,17.23,
,,,GENERAL BRAVO,16.31,18.06,17.23,
,,,GENERAL TERAN,16.31,18.06,17.23,
,,,LOS HERRERAS,16.31,18.06,17.23,
,,,HUALAHUISES,16.31,18.06,17.23,
,,,LAMPAZOS DE NARANJO,16.31,18.06,17.23,
,,,LINARES,16.31,18.06,17.23,
,,,PARAS,16.31,18.06,17.23,
,,,RAYONES,16.31,18.06,17.23,
,,,SABINAS HIDALGO,16.31,18.06,17.23,
,,,SALINAS VICTORIA,16.31,18.06,17.23,
,,,VILLALDAMA,16.31,18.06,17.23,
,,COAHUILA DE ZARAGOZA,CANDELA,16.31,18.06,17.23,
,,,CUATRO CIENEGAS,16.31,18.06,17.23,
,,,GUERRERO,16.31,18.06,17.23,
,,,JIMENEZ,16.31,18.06,17.23,
,,,MUZQUIZ,16.31,18.06,17.23,
,,,OCAMPO,16.31,18.06,17.23,
,,,PARRAS,16.31,18.06,17.23,
,,,PROGRESO,16.31,18.06,17.23,
,,,SIERRA MOJADA,16.31,18.06,17.23,
,,,ABASOLO,16.31,18.06,17.23,
,,,ACUÑA,16.31,18.06,17.23,
,,,ZARAGOZA,16.31,18.06,17.23,
,,TAMAULIPAS,BURGOS,16.31,18.06,17.23,
,,,CRUILLAS,16.31,18.06,17.23,
,,,ALDAMA,16.31,18.06,17.23,
,,,GOMEZ FARIAS,16.31,18.06,17.23,
,,,GUERRERO,16.31,18.06,17.23,
,,,SAN FERNANDO,16.31,18.06,17.23,
,,,MIER,16.31,18.06,17.23,
,,,TULA,16.31,18.06,17.23,
,,,VALLE HERMOSO,16.31,18.06,17.23,
,,CHIHUAHUA,GALEANA,16.31,18.06,17.23,
,,,GOMEZ FARIAS,16.31,18.06,17.23,
79.0,ZONA DE DISTRIBUCIÓN NOROESTE,CHIHUAHUA,ASCENSION,16.39,18.23,17.38,
,,,BACHINIVA,16.39,18.23,17.38,
,,,BOCOYNA,16.39,18.23,17.38,
,,,BUENAVENTURA,16.39,18.23,17.38,
,,,ROSARIO,16.39,18.23,17.38,
,,,CASAS GRANDES,16.39,18.23,17.38,
,,,CHINIPAS,16.39,18.23,17.38,
,,,GUACHOCHI,16.39,18.23,17.38,
,,,GUADALUPE Y CALVO,16.39,18.23,17.38,
,,,GUAZAPARES,16.39,18.23,17.38,
,,,IGNACIO ZARAGOZA,16.39,18.23,17.38,
,,,JANOS,16.39,18.23,17.38,
,,,LOPEZ,16.39,18.23,17.38,
,,,NAMIQUIPA,16.39,18.23,17.38,
,,,NONOAVA,16.39,18.23,17.38,
,,,NUEVO CASAS GRANDES,16.39,18.23,17.38,
,,,RIVA PALACIO,16.39,18.23,17.38,
,,,OJINAGA,16.39,18.23,17.38,
,,,URIQUE,16.39,18.23,17.38,
,,SINALOA,SAN IGNACIO,16.39,18.23,17.38,
,,,CHOIX,16.39,18.23,17.38,
,,,COSALA,16.39,18.23,17.38,
,,,BADIRAGUATO,16.39,18.23,17.38,
80.0,ZONA DE DISTRIBUCIÓN PENÍNSULA DE BAJA CALIFORNIA,BAJA CALIFORNIA SUR,LORETO,16.41,18.17,17.36,
,,,MULEGE,16.41,18.17,17.36,
81.0,ZONA DE DISTRIBUCIÓN CENTRO,HIDALGO,AGUA BLANCA DE ITURBIDE,16.26,18.0,17.19,
,,,ALFAJAYUCAN,16.26,18.0,17.19,
,,,ATLAPEXCO,16.26,18.0,17.19,
,,,ELOXOCHITLAN,16.26,18.0,17.19,
,,,HUEJUTLA DE REYES,16.26,18.0,17.19,
,,,JACALA DE LEDEZMA,16.26,18.0,17.19,
,,,LOLOTLA,16.26,18.0,17.19,
,,,METZTITLAN,16.26,18.0,17.19,
,,,MOLANGO DE ESCAMILLA,16.26,18.0,17.19,
,,,SAN FELIPE ORIZATLAN,16.26,18.0,17.19,
,,,NOPALA DE VILLAGRAN,16.26,18.0,17.19,
,,,TASQUILLO,16.26,18.0,17.19,
,,,TECOZAUTLA,16.26,18.0,17.19,
,,,TENANGO DE DORIA,16.26,18.0,17.19,
,,,ZIMAPAN,16.26,18.0,17.19,
,,,ZACUALTIPAN DE ANGELES,16.26,18.0,17.19,
,,JALISCO,ATOTONILCO EL ALTO,16.26,18.0,17.19,
,,,AUTLAN DE NAVARRO,16.26,18.0,17.19,
,,,AYOTLAN,16.26,18.0,17.19,
,,,ARANDAS,16.26,18.0,17.19,
,,,BOLAÑOS,16.26,18.0,17.19,
,,,CABO CORRIENTES,16.26,18.0,17.19,
,,,CAÑADAS DE OBREGON,16.26,18.0,17.19,
,,,CASIMIRO CASTILLO,16.26,18.0,17.19,
,,,DEGOLLADO,16.26,18.0,17.19,
,,,HUEJUQUILLA EL ALTO,16.26,18.0,17.19,
,,,VILLA HIDALGO,16.26,18.0,17.19,
,,,JALOSTOTITLAN,16.26,18.0,17.19,
,,,JILOTLAN DE LOS DOLORES,16.26,18.0,17.19,
,,,JESUS MARIA,16.26,18.0,17.19,
,,,EL LIMON,16.26,18.0,17.19,
,,,PUERTO VALLARTA,16.26,18.0,17.19,
,,,MASCOTA,16.26,18.0,17.19,
,,,MAZAMITLA,16.26,18.0,17.19,
,,,OJUELOS DE JALISCO,16.26,18.0,17.19,
,,,MEXTICACAN,16.26,18.0,17.19,
,,,MEZQUITIC,16.26,18.0,17.19,
,,,SAN JUAN DE LOS LAGOS,16.26,18.0,17.19,
,,,TALPA DE ALLENDE,16.26,18.0,17.19,
,,,SAN MARTIN DE BOLAÑOS,16.26,18.0,17.19,
,,,SAN MIGUEL EL ALTO,16.26,18.0,17.19,
,,,SAN SEBASTIAN DEL OESTE,16.26,18.0,17.19,
,,,TECALITLAN,16.26,18.0,17.19,
,,,TIZAPAN EL ALTO,16.26,18.0,17.19,
,,,TOLIMAN,16.26,18.0,17.19,
,,,TOMATLAN,16.26,18.0,17.19,
,,,TONAYA,16.26,18.0,17.19,
,,,TONILA,16.26,18.0,17.19,
,,,TOTATICHE,16.26,18.0,17.19,
,,,HIDALGO,16.26,18.0,17.19,
,,,TUXCACUESCO,16.26,18.0,17.19,
,,,TUXPAN,16.26,18.0,17.19,
,,,VALLE DE GUADALUPE,16.26,18.0,17.19,
,,,VALLE DE JUAREZ,16.26,18.0,17.19,
,,,VILLA GUERRERO,16.26,18.0,17.19,
,,,ZAPOTILTIC,16.26,18.0,17.19,
,,,ZAPOTITLAN DE VADILLO,16.26,18.0,17.19,
,,,VILLA PURIFICACION,16.26,18.0,17.19,
,,,YAHUALICA DE GONZALEZ GALLO,16.26,18.0,17.19,
,,NAYARIT,ACAPONETA,16.26,18.0,17.19,
,,,AMATLAN DE CAÑAS,16.26,18.0,17.19,
,,,TECUALA,16.26,18.0,17.19,
,,,LA YESCA,16.26,18.0,17.19,
,,DURANGO,CUENCAME,16.26,18.0,17.19,
,,,GENERAL SIMON BOLIVAR,16.26,18.0,17.19,
,,,GUANACEVI,16.26,18.0,17.19,
,,,PEÑON BLANCO,16.26,18.0,17.19,
,,,RODEO,16.26,18.0,17.19,
,,,SAN DIMAS,16.26,18.0,17.19,
,,,SAN JUAN DE GUADALUPE,16.26,18.0,17.19,
,,,SAN LUIS DEL CORDERO,16.26,18.0,17.19,
,,,SANTA CLARA,16.26,18.0,17.19,
,,,TAMAZULA,16.26,18.0,17.19,
,,,TEPEHUANES,16.26,18.0,17.19,
,,,MAPIMI,16.26,18.0,17.19,
,,QUERÉTARO,AMEALCO DE BONFIL,16.26,18.0,17.19,
,,,ARROYO SECO,16.26,18.0,17.19,
,,,JALPAN DE SERRA,16.26,18.0,17.19,
,,,PEÑAMILLER,16.26,18.0,17.19,
,,,PINAL DE AMOLES,16.26,18.0,17.19,
,,,SAN JOAQUIN,16.26,18.0,17.19,
,,,TOLIMAN,16.26,18.0,17.19,
,,ZACATECAS,JALPA,16.26,18.0,17.19,
,,,GENERAL FRANCISCO R MURGUIA,16.26,18.0,17.19,
,,,APOZOL,16.26,18.0,17.19,
,,,HUANUSCO,16.26,18.0,17.19,
,,,JUAN ALDAMA,16.26,18.0,17.19,
,,,JUCHIPILA,16.26,18.0,17.19,
,,,MAZAPIL,16.26,18.0,17.19,
,,,CHALCHIHUITES,16.26,18.0,17.19,
,,,ATOLINGA,16.26,18.0,17.19,
,,,CONCEPCION DEL ORO,16.26,18.0,17.19,
,,,MIGUEL AUZA,16.26,18.0,17.19,
,,,PINOS,16.26,18.0,17.19,
,,,LORETO,16.26,18.0,17.19,
,,,LUIS MOYA,16.26,18.0,17.19,
,,,MOMAX,16.26,18.0,17.19,
,,,MONTE ESCOBEDO,16.26,18.0,17.19,
,,,MOYAHUA DE ESTRADA,16.26,18.0,17.19,
,,,NOCHISTLAN DE MEJIA,16.26,18.0,17.19,
,,,NORIA DE ANGELES,16.26,18.0,17.19,
,,,SOMBRERETE,16.26,18.0,17.19,
,,,TEPECHITLAN,16.26,18.0,17.19,
,,,TLALTENANGO DE SANCHEZ ROMAN,16.26,18.0,17.19,
,,,VALPARAISO,16.26,18.0,17.19,
,,AGUASCALIENTES,RINCON DE ROMOS,16.26,18.0,17.19,
,,,COSIO,16.26,18.0,17.19,
,,,CALVILLO,16.26,18.0,17.19,
,,,JESUS MARIA,16.26,18.0,17.19,
,,,ASIENTOS,16.26,18.0,17.19,
,,SAN LUIS POTOSÍ,SAN CIRO DE ACOSTA,16.26,18.0,17.19,
,,,GUADALCAZAR,16.26,18.0,17.19,
,,,CERRITOS,16.26,18.0,17.19,
,,,CHARCAS,16.26,18.0,17.19,
,,,MOCTEZUMA,16.26,18.0,17.19,
,,,CIUDAD DEL MAIZ,16.26,18.0,17.19,
,,,VENADO,16.26,18.0,17.19,
,,,VILLA DE ARISTA,16.26,18.0,17.19,
,,,VILLA DE ARRIAGA,16.26,18.0,17.19,
,,,TAMUIN,16.26,18.0,17.19,
,,,TIERRA NUEVA,16.26,18.0,17.19,
,,,VILLA JUAREZ,16.26,18.0,17.19,
,,TLAXCALA,MUÑOZ DE DOMINGO ARENAS,16.26,18.0,17.19,
,,,SANCTORUM DE LAZARO CARDENAS,16.26,18.0,17.19,
,,,APETATITLAN DE ANTONIO CARVAJAL,16.26,18.0,17.19,
82.0,ZONA DE DISTRIBUCIÓN BAJÍO,ESTADO DE MÉXICO,CHIAUTLA,16.44,18.2,17.36,
,,,ACULCO,16.44,18.2,17.36,
,,,AMATEPEC,16.44,18.2,17.36,
,,,AMECAMECA,16.44,18.2,17.36,
,,,COCOTITLAN,16.44,18.2,17.36,
,,,JUCHITEPEC,16.44,18.2,17.36,
,,,OZUMBA,16.44,18.2,17.36,
,,,POLOTITLAN,16.44,18.2,17.36,
,,,TEMAMATLA,16.44,18.2,17.36,
,,,TEPETLAOXTOC,16.44,18.2,17.36,
,,,TLALMANALCO,16.44,18.2,17.36,
,,,TLATLAYA,16.44,18.2,17.36,
,,,TIMILPAN,16.44,18.2,17.36,
,,,VILLA DEL CARBON,16.44,18.2,17.36,
,,PUEBLA,CHIGNAHUAPAN,16.44,18.2,17.36,
,,,CHIGNAUTLA,16.44,18.2,17.36,
,,,CHILA,16.44,18.2,17.36,
,,,CUETZALAN DEL PROGRESO,16.44,18.2,17.36,
,,,CHALCHICOMULA DE SESMA,16.44,18.2,17.36,
,,,AHUAZOTEPEC,16.44,18.2,17.36,
,,,ALJOJUCA,16.44,18.2,17.36,
,,,FRANCISCO Z MENA,16.44,18.2,17.36,
,,,HUEHUETLAN EL CHICO,16.44,18.2,17.36,
,,,HUEYTAMALCO,16.44,18.2,17.36,
,,,HUITZILAN DE SERDAN,16.44,18.2,17.36,
,,,PALMAR DE BRAVO,16.44,18.2,17.36,
,,,QUECHOLAC,16.44,18.2,17.36,
,,,TEPEXI DE RODRIGUEZ,16.44,18.2,17.36,
,,,TETELA DE OCAMPO,16.44,18.2,17.36,
,,,ACATLAN,16.44,18.2,17.36,
,,,AHUACATLAN,16.44,18.2,17.36,
,,,CHIAUTLA,16.44,18.2,17.36,
,,,GUADALUPE,16.44,18.2,17.36,
,,,HUEHUETLA,16.44,18.2,17.36,
,,,ZARAGOZA,16.44,18.2,17.36,
,,,TETELES DE AVILA CASTILLO,16.44,18.2,17.36,
,,,TEZIUTLAN,16.44,18.2,17.36,
,,,TULCINGO,16.44,18.2,17.36,
,,,TUZAMAPAN DE GALEANA,16.44,18.2,17.36,
,,,ZACATLAN,16.44,18.2,17.36,
,,,IXCAQUIXTLA,16.44,18.2,17.36,
,,,IXTACAMAXTITLAN,16.44,18.2,17.36,
,,,ZAUTLA,16.44,18.2,17.36,
,,MICHOACÁN DE OCAMPO,JIQUILPAN,16.44,18.2,17.36,
,,,JOSE SIXTO VERDUZCO,16.44,18.2,17.36,
,,,JUNGAPEO,16.44,18.2,17.36,
,,,ANGANGUEO,16.44,18.2,17.36,
,,,CHURUMUCO,16.44,18.2,17.36,
,,,COALCOMAN DE VAZQUEZ PALLARES,16.44,18.2,17.36,
,,,ARIO,16.44,18.2,17.36,
,,,COJUMATLAN DE REGULES,16.44,18.2,17.36,
,,,COTIJA,16.44,18.2,17.36,
,,,EPITACIO HUERTA,16.44,18.2,17.36,
,,,NOCUPETARO,16.44,18.2,17.36,
,,,HUETAMO,16.44,18.2,17.36,
,,,AGUILILLA,16.44,18.2,17.36,
,,,PENJAMILLO,16.44,18.2,17.36,
,,,PERIBAN,16.44,18.2,17.36,
,,,LA PIEDAD,16.44,18.2,17.36,
,,,OCAMPO,16.44,18.2,17.36,
,,,SAN LUCAS,16.44,18.2,17.36,
,,,TUXPAN,16.44,18.2,17.36,
,,,SAHUAYO,16.44,18.2,17.36,
,,,SENGUIO,16.44,18.2,17.36,
,,,TACAMBARO,16.44,18.2,17.36,
,,,TEPALCATEPEC,16.44,18.2,17.36,
,,,TIQUICHEO DE NICOLAS ROMERO,16.44,18.2,17.36,
,,,TUMBISCATIO,16.44,18.2,17.36,
,,,TURICATO,16.44,18.2,17.36,
,,,TUZANTLA,16.44,18.2,17.36,
,,GUERRERO,COAHUAYUTLA DE JOSE MARIA IZAZAGA,16.44,18.2,17.36,
,,,ATLAMAJALCINGO DEL MONTE,16.44,18.2,17.36,
,,,CHILAPA DE ALVAREZ,16.44,18.2,17.36,
,,,COYUCA DE CATALAN,16.44,18.2,17.36,
,,,CUAJINICUILAPA,16.44,18.2,17.36,
,,,GENERAL HELIODORO CASTILLO,16.44,18.2,17.36,
,,,CUTZAMALA DE PINZON,16.44,18.2,17.36,
,,,HUAMUXTITLAN,16.44,18.2,17.36,
,,,OLINALA,16.44,18.2,17.36,
,,,ARCELIA,16.44,18.2,17.36,
,,,AJUCHITLAN DEL PROGRESO,16.44,18.2,17.36,
,,,PETATLAN,16.44,18.2,17.36,
,,,PUNGARABATO,16.44,18.2,17.36,
,,,QUECHULTENANGO,16.44,18.2,17.36,
,,,TLACOACHISTLAHUACA,16.44,18.2,17.36,
,,,TLALCHAPA,16.44,18.2,17.36,
,,,TLALIXTAQUILLA DE MALDONADO,16.44,18.2,17.36,
,,,TLAPA DE COMONFORT,16.44,18.2,17.36,
,,,TLAPEHUALA,16.44,18.2,17.36,
,,,XALPATLAHUAC,16.44,18.2,17.36,
,,,ZIHUATANEJO DE AZUETA,16.44,18.2,17.36,
,,,ZIRANDARO,16.44,18.2,17.36,
,,HIDALGO,ACATLAN,16.44,18.2,17.36,
,,,HUEHUETLA,16.44,18.2,17.36,
,,NAYARIT,AHUACATLAN,16.44,18.2,17.36,
83.0,ZONA DE DISTRIBUCIÓN SUR,CHIAPAS,ACAPETAHUA,15.95,17.7,16.86,
,,,ALTAMIRANO,15.95,17.7,16.86,
,,,SAN LUCAS,15.95,17.7,16.86,
,,,ANGEL ALBINO CORZO,15.95,17.7,16.86,
,,,CATAZAJA,15.95,17.7,16.86,
,,,COMITAN DE DOMINGUEZ,15.95,17.7,16.86,
,,,LA CONCORDIA,15.95,17.7,16.86,
,,,CHICOMUSELO,15.95,17.7,16.86,
,,,CHILON,15.95,17.7,16.86,
,,,ESCUINTLA,15.95,17.7,16.86,
,,,FRONTERA COMALAPA,15.95,17.7,16.86,
,,,MAPASTEPEC,15.95,17.7,16.86,
,,,LAS MARGARITAS,15.95,17.7,16.86,
,,,MOTOZINTLA,15.95,17.7,16.86,
,,,OCOSINGO,15.95,17.7,16.86,
,,,PALENQUE,15.95,17.7,16.86,
,,,EL PORVENIR,15.95,17.7,16.86,
,,,SILTEPEC,15.95,17.7,16.86,
,,,TAPILULA,15.95,17.7,16.86,
,,,LA TRINITARIA,15.95,17.7,16.86,
,,,TZIMOL,15.95,17.7,16.86,
,,,YAJALON,15.95,17.7,16.86,
,,VERACRUZ DE IGNACIO DE LA LLAVE,COSAUTLAN DE CARVAJAL,15.95,17.7,16.86,
,,,ALTO LUCERO DE GUTIERREZ BARRIOS,15.95,17.7,16.86,
,,,EL HIGO,15.95,17.7,16.86,
,,,HUATUSCO,15.95,17.7,16.86,
,,,HUAYACOCOTLA,15.95,17.7,16.86,
,,,HUEYAPAN DE OCAMPO,15.95,17.7,16.86,
,,,IGNACIO DE LA LLAVE,15.95,17.7,16.86,
,,,ISLA,15.95,17.7,16.86,
,,,IXHUATLAN DE MADERO,15.95,17.7,16.86,
,,,JESUS CARRANZA,15.95,17.7,16.86,
,,,JUAN RODRIGUEZ CLARA,15.95,17.7,16.86,
,,,LERDO DE TEJADA,15.95,17.7,16.86,
,,,MISANTLA,15.95,17.7,16.86,
,,,NARANJOS AMATLAN,15.95,17.7,16.86,
,,,OMEALCA,15.95,17.7,16.86,
,,,PASO DEL MACHO,15.95,17.7,16.86,
,,,CATEMACO,15.95,17.7,16.86,
,,,CHALMA,15.95,17.7,16.86,
,,,CHICOMUSELO,15.95,17.7,16.86,
,,,CHICONTEPEC,15.95,17.7,16.86,
,,,CHILON,15.95,17.7,16.86,
,,,CHONTLA,15.95,17.7,16.86,
,,,COLIPA,15.95,17.7,16.86,
,,,PLATON SANCHEZ,15.95,17.7,16.86,
,,,PLAYA VICENTE,15.95,17.7,16.86,
,,,SAN ANDRES TUXTLA,15.95,17.7,16.86,
,,,SANTIAGO TUXTLA,15.95,17.7,16.86,
,,,SOCONUSCO,15.95,17.7,16.86,
,,,TAMALIN,15.95,17.7,16.86,
,,,TLACOTALPAN,15.95,17.7,16.86,
,,,TANTOYUCA,15.95,17.7,16.86,
,,,TEMPOAL,15.95,17.7,16.86,
,,,TLAPACOYAN,15.95,17.7,16.86,
,,,TOTUTLA,15.95,17.7,16.86,
,,,VEGA DE ALATORRE,15.95,17.7,16.86,
,,,ZENTLA,15.95,17.7,16.86,
,,,ANGEL R CABADA,15.95,17.7,16.86,
,,,APAZAPAN,15.95,17.7,16.86,
,,OAXACA,CHALCATONGO DE HIDALGO,15.95,17.7,16.86,
,,,SAN MIGUEL EL GRANDE,15.95,17.7,16.86,
,,,SAN MIGUEL TLACOTEPEC,15.95,17.7,16.86,
,,,SAN PEDRO JICAYAN,15.95,17.7,16.86,
,,,SAN PEDRO MIXTEPEC,15.95,17.7,16.86,
,,,SANTA CATARINA JUQUILA,15.95,17.7,16.86,
,,,SANTA MARIA COLOTEPEC,15.95,17.7,16.86,
,,,SANTA MARIA ZACATEPEC,15.95,17.7,16.86,
,,,SANTIAGO JAMILTEPEC,15.95,17.7,16.86,
,,,SANTIAGO JUXTLAHUACA,15.95,17.7,16.86,
,,,SANTIAGO PINOTEPA NACIONAL,15.95,17.7,16.86,
,,,SANTIAGO TAMAZOLA,15.95,17.7,16.86,
,,,SANTO DOMINGO TONALA,15.95,17.7,16.86,
,,,SANTO TOMAS OCOTEPEC,15.95,17.7,16.86,
,,,SANTOS REYES TEPEJILLO,15.95,17.7,16.86,
,,,SILACAYOAPAM,15.95,17.7,16.86,
,,,HEROICA VILLA TEZOATLAN DE SEGURA Y LUNA CUNA DE LA INDEPENDENCIA DE OAXACA,15.95,17.7,16.86,
,,,HUAUTLA DE JIMENEZ,15.95,17.7,16.86,
,,,MARISCALA DE JUAREZ,15.95,17.7,16.86,
,,,PINOTEPA DE DON LUIS,15.95,17.7,16.86,
,,,SAN FELIPE JALAPA DE DIAZ,15.95,17.7,16.86,
,,,SAN JUAN CACAHUATEPEC,15.95,17.7,16.86,
,,,SAN JUAN COTZOCON,15.95,17.7,16.86,
,,,PUTLA VILLA DE GUERRERO,15.95,17.7,16.86,
,,,SAN ANDRES HUAXPALTEPEC,15.95,17.7,16.86,
,,,VILLA DE TUTUTEPEC,15.95,17.7,16.86,
,,TABASCO,TENOSIQUE,15.95,17.7,16.86,
,,,JONUTA,15.95,17.7,16.86,
,,,BALANCAN,15.95,17.7,16.86,
